{
    "id": "16364",
    "name": "云缨",
    "生存能力": "10",
    "攻击伤害": "7",
    "技能效果": "8",
    "上手难度": "8",
    "最大生命": "3237",
    "最大法力": "430",
    "物理攻击": "175",
    "法术攻击": "0",
    "物理防御": "101",
    "物理减伤率": "14.4%",
    "法术防御": "50",
    "法术减伤率": "7.6%",
    "移速": "380",
    "物理护甲穿透": "0",
    "法术护甲穿透": "0",
    "攻速加成": "0",
    "暴击几率": "0",
    "暴击效果": "200%",
    "物理吸血": "0",
    "法术吸血": "0",
    "冷却缩减": "0%",
    "攻击范围": "近程",
    "韧性": "0",
    "生命回复": "49",
    "法力回复": "15"
}
{
    "id": "16354",
    "name": "司空震",
    "生存能力": "6",
    "攻击伤害": "7",
    "技能效果": "4",
    "上手难度": "5",
    "最大生命": "3300",
    "最大法力": "100",
    "物理攻击": "171",
    "法术攻击": "0",
    "物理防御": "85",
    "物理减伤率": "12.4%",
    "法术防御": "50",
    "法术减伤率": "7.6%",
    "移速": "380",
    "物理护甲穿透": "0",
    "法术护甲穿透": "0",
    "攻速加成": "0",
    "暴击几率": "0",
    "暴击效果": "200%",
    "物理吸血": "0",
    "法术吸血": "0",
    "冷却缩减": "0%",
    "攻击范围": "近程",
    "韧性": "0",
    "生命回复": "50",
    "法力回复": "0"
}
{
    "id": "16344",
    "name": "澜",
    "生存能力": "2",
    "攻击伤害": "7",
    "技能效果": "4",
    "上手难度": "7",
    "最大生命": "3300",
    "最大法力": "440",
    "物理攻击": "167",
    "法术攻击": "0",
    "物理防御": "90",
    "物理减伤率": "13%",
    "法术防御": "50",
    "法术减伤率": "7.6%",
    "移速": "380",
    "物理护甲穿透": "0",
    "法术护甲穿透": "0",
    "攻速加成": "0",
    "暴击几率": "0",
    "暴击效果": "200%",
    "物理吸血": "0",
    "法术吸血": "0",
    "冷却缩减": "0%",
    "攻击范围": "近程",
    "韧性": "0",
    "生命回复": "51",
    "法力回复": "16"
}
{
    "id": "16327",
    "name": "夏洛特",
    "生存能力": "6",
    "攻击伤害": "7",
    "技能效果": "5",
    "上手难度": "8",
    "最大生命": "3303",
    "最大法力": "0",
    "物理攻击": "150",
    "法术攻击": "0",
    "物理防御": "101",
    "物理减伤率": "14.4%",
    "法术防御": "50",
    "法术减伤率": "7.6%",
    "移速": "390",
    "物理护甲穿透": "0",
    "法术护甲穿透": "0",
    "攻速加成": "0",
    "暴击几率": "0",
    "暴击效果": "200%",
    "物理吸血": "0",
    "法术吸血": "0",
    "冷却缩减": "0%",
    "攻击范围": "近程",
    "韧性": "0",
    "生命回复": "50",
    "法力回复": "0"
}
{
    "id": "16311",
    "name": "阿古朵",
    "生存能力": "8",
    "攻击伤害": "4",
    "技能效果": "5",
    "上手难度": "4",
    "最大生命": "946",
    "最大法力": "0",
    "物理攻击": "166",
    "法术攻击": "0",
    "物理防御": "107",
    "物理减伤率": "15.1%",
    "法术防御": "50",
    "法术减伤率": "7.6%",
    "移速": "380",
    "物理护甲穿透": "0",
    "法术护甲穿透": "0",
    "攻速加成": "0",
    "暴击几率": "0",
    "暴击效果": "200%",
    "物理吸血": "0",
    "法术吸血": "0",
    "冷却缩减": "0%",
    "攻击范围": "近程",
    "韧性": "0",
    "生命回复": "50",
    "法力回复": "0"
}
{
    "id": "16295",
    "name": "蒙恬",
    "生存能力": "8",
    "攻击伤害": "6",
    "技能效果": "7",
    "上手难度": "6",
    "最大生命": "3079",
    "最大法力": "1000",
    "物理攻击": "168",
    "法术攻击": "0",
    "物理防御": "115",
    "物理减伤率": "16%",
    "法术防御": "50",
    "法术减伤率": "7.6%",
    "移速": "370",
    "物理护甲穿透": "0",
    "法术护甲穿透": "0",
    "攻速加成": "0",
    "暴击几率": "0",
    "暴击效果": "200%",
    "物理吸血": "0",
    "法术吸血": "0",
    "冷却缩减": "0%",
    "攻击范围": "近程",
    "韧性": "0",
    "生命回复": "76",
    "法力回复": "0"
}
{
    "id": "16278",
    "name": "镜",
    "生存能力": "2",
    "攻击伤害": "6",
    "技能效果": "8",
    "上手难度": "5",
    "最大生命": "3264",
    "最大法力": "460",
    "物理攻击": "173",
    "法术攻击": "0",
    "物理防御": "87",
    "物理减伤率": "12.6%",
    "法术防御": "50",
    "法术减伤率": "7.6%",
    "移速": "380",
    "物理护甲穿透": "0",
    "法术护甲穿透": "0",
    "攻速加成": "0",
    "暴击几率": "0",
    "暴击效果": "200%",
    "物理吸血": "0",
    "法术吸血": "0",
    "冷却缩减": "0%",
    "攻击范围": "近程",
    "韧性": "0",
    "生命回复": "52",
    "法力回复": "16"
}
{
    "id": "16226",
    "name": "李信",
    "生存能力": "6",
    "攻击伤害": "8",
    "技能效果": "7",
    "上手难度": "6",
    "最大生命": "3418",
    "最大法力": "0",
    "物理攻击": "176",
    "法术攻击": "0",
    "物理防御": "106",
    "物理减伤率": "15%",
    "法术防御": "50",
    "法术减伤率": "7.6%",
    "移速": "370",
    "物理护甲穿透": "0",
    "法术护甲穿透": "0",
    "攻速加成": "0",
    "暴击几率": "0",
    "暴击效果": "200%",
    "物理吸血": "0",
    "法术吸血": "0",
    "冷却缩减": "0%",
    "攻击范围": "近程",
    "韧性": "0",
    "生命回复": "52",
    "法力回复": "0"
}
{
    "id": "16190",
    "name": "蒙犽",
    "生存能力": "3",
    "攻击伤害": "8",
    "技能效果": "5",
    "上手难度": "5",
    "最大生命": "3235",
    "最大法力": "0",
    "物理攻击": "160",
    "法术攻击": "0",
    "物理防御": "90",
    "物理减伤率": "13%",
    "法术防御": "50",
    "法术减伤率": "7.6%",
    "移速": "360",
    "物理护甲穿透": "0",
    "法术护甲穿透": "0",
    "攻速加成": "0",
    "暴击几率": "0",
    "暴击效果": "200%",
    "物理吸血": "0",
    "法术吸血": "0",
    "冷却缩减": "0%",
    "攻击范围": "远程",
    "韧性": "0",
    "生命回复": "40",
    "法力回复": "0"
}
{
    "id": "16178",
    "name": "鲁班大师",
    "生存能力": "8",
    "攻击伤害": "5",
    "技能效果": "7",
    "上手难度": "6",
    "最大生命": "3287",
    "最大法力": "420",
    "物理攻击": "166",
    "法术攻击": "0",
    "物理防御": "127",
    "物理减伤率": "17.4%",
    "法术防御": "50",
    "法术减伤率": "7.6%",
    "移速": "380",
    "物理护甲穿透": "0",
    "法术护甲穿透": "0",
    "攻速加成": "0",
    "暴击几率": "0",
    "暴击效果": "200%",
    "物理吸血": "0",
    "法术吸血": "0",
    "冷却缩减": "0%",
    "攻击范围": "近程",
    "韧性": "0",
    "生命回复": "83",
    "法力回复": "15"
}
{
    "id": "16135",
    "name": "西施",
    "生存能力": "6",
    "攻击伤害": "8",
    "技能效果": "8",
    "上手难度": "6",
    "最大生命": "3041",
    "最大法力": "490",
    "物理攻击": "164",
    "法术攻击": "0",
    "物理防御": "91",
    "物理减伤率": "13.1%",
    "法术防御": "50",
    "法术减伤率": "7.6%",
    "移速": "360",
    "物理护甲穿透": "0",
    "法术护甲穿透": "0",
    "攻速加成": "0",
    "暴击几率": "0",
    "暴击效果": "200%",
    "物理吸血": "0",
    "法术吸血": "0",
    "冷却缩减": "0%",
    "攻击范围": "远程",
    "韧性": "0",
    "生命回复": "43",
    "法力回复": "17"
}
{
    "id": "16117",
    "name": "马超",
    "生存能力": "5",
    "攻击伤害": "7",
    "技能效果": "7",
    "上手难度": "8",
    "最大生命": "3307",
    "最大法力": "0",
    "物理攻击": "168",
    "法术攻击": "0",
    "物理防御": "96",
    "物理减伤率": "13.7%",
    "法术防御": "50",
    "法术减伤率": "7.6%",
    "移速": "370",
    "物理护甲穿透": "0",
    "法术护甲穿透": "0",
    "攻速加成": "0",
    "暴击几率": "0",
    "暴击效果": "200%",
    "物理吸血": "0",
    "法术吸血": "0",
    "冷却缩减": "0%",
    "攻击范围": "近程",
    "韧性": "0",
    "生命回复": "50",
    "法力回复": "0"
}
{
    "id": "16108",
    "name": "曜",
    "生存能力": "5",
    "攻击伤害": "7",
    "技能效果": "6",
    "上手难度": "6",
    "最大生命": "3225",
    "最大法力": "0",
    "物理攻击": "149",
    "法术攻击": "0",
    "物理防御": "94",
    "物理减伤率": "13.5%",
    "法术防御": "50",
    "法术减伤率": "7.6%",
    "移速": "370",
    "物理护甲穿透": "0",
    "法术护甲穿透": "0",
    "攻速加成": "0",
    "暴击几率": "0",
    "暴击效果": "200%",
    "物理吸血": "0",
    "法术吸血": "0",
    "冷却缩减": "0%",
    "攻击范围": "近程",
    "韧性": "0",
    "生命回复": "49",
    "法力回复": "0"
}
{
    "id": "16097",
    "name": "云中君",
    "生存能力": "6",
    "攻击伤害": "9",
    "技能效果": "5",
    "上手难度": "5",
    "最大生命": "3183",
    "最大法力": "0",
    "物理攻击": "159",
    "法术攻击": "0",
    "物理防御": "99",
    "物理减伤率": "14.1%",
    "法术防御": "50",
    "法术减伤率": "7.6%",
    "移速": "380",
    "物理护甲穿透": "0",
    "法术护甲穿透": "0",
    "攻速加成": "0",
    "暴击几率": "0",
    "暴击效果": "200%",
    "物理吸血": "0",
    "法术吸血": "0",
    "冷却缩减": "0%",
    "攻击范围": "近程",
    "韧性": "0",
    "生命回复": "76",
    "法力回复": "0"
}
{
    "id": "16076",
    "name": "盘古",
    "生存能力": "10",
    "攻击伤害": "8",
    "技能效果": "8",
    "上手难度": "6",
    "最大生命": "3067",
    "最大法力": "0",
    "物理攻击": "154",
    "法术攻击": "0",
    "物理防御": "99",
    "物理减伤率": "14.1%",
    "法术防御": "50",
    "法术减伤率": "7.6%",
    "移速": "380",
    "物理护甲穿透": "0",
    "法术护甲穿透": "0",
    "攻速加成": "0",
    "暴击几率": "0",
    "暴击效果": "200%",
    "物理吸血": "0",
    "法术吸血": "0",
    "冷却缩减": "0%",
    "攻击范围": "近程",
    "韧性": "0",
    "生命回复": "76",
    "法力回复": "0"
}
{
    "id": "16066",
    "name": "猪八戒",
    "生存能力": "10",
    "攻击伤害": "8",
    "技能效果": "10",
    "上手难度": "6",
    "最大生命": "3067",
    "最大法力": "0",
    "物理攻击": "154",
    "法术攻击": "0",
    "物理防御": "99",
    "物理减伤率": "14.1%",
    "法术防御": "50",
    "法术减伤率": "7.6%",
    "移速": "380",
    "物理护甲穿透": "0",
    "法术护甲穿透": "0",
    "攻速加成": "0",
    "暴击几率": "0",
    "暴击效果": "200%",
    "物理吸血": "0",
    "法术吸血": "0",
    "冷却缩减": "0%",
    "攻击范围": "近程",
    "韧性": "0",
    "生命回复": "76",
    "法力回复": "0"
}
{
    "id": "16045",
    "name": "嫦娥",
    "生存能力": "10",
    "攻击伤害": "10",
    "技能效果": "10",
    "上手难度": "5",
    "最大生命": "1600",
    "最大法力": "440",
    "物理攻击": "152",
    "法术攻击": "",
    "物理防御": "79",
    "物理减伤率": "12.6%",
    "法术防御": "50",
    "法术减伤率": "7.6%",
    "移速": "395",
    "物理护甲穿透": "",
    "法术护甲穿透": "",
    "攻速加成": "",
    "暴击几率": "",
    "暴击效果": "%",
    "物理吸血": "",
    "法术吸血": "",
    "冷却缩减": "%",
    "攻击范围": "远程",
    "韧性": "",
    "生命回复": "46",
    "法力回复": "15"
}
{
    "id": "16035",
    "name": "瑶",
    "生存能力": "10",
    "攻击伤害": "7",
    "技能效果": "8",
    "上手难度": "5",
    "最大生命": "3010",
    "最大法力": "440",
    "物理攻击": "162",
    "法术攻击": "0",
    "物理防御": "87",
    "物理减伤率": "12.6%",
    "法术防御": "50",
    "法术减伤率": "7.6%",
    "移速": "360",
    "物理护甲穿透": "0",
    "法术护甲穿透": "0",
    "攻速加成": "0",
    "暴击几率": "0",
    "暴击效果": "200%",
    "物理吸血": "0",
    "法术吸血": "0",
    "冷却缩减": "0%",
    "攻击范围": "远程",
    "韧性": "0",
    "生命回复": "43",
    "法力回复": "16"
}
{
    "id": "16015",
    "name": "沈梦溪",
    "生存能力": "6",
    "攻击伤害": "8",
    "技能效果": "10",
    "上手难度": "6",
    "最大生命": "3238",
    "最大法力": "440",
    "物理攻击": "171",
    "法术攻击": "0",
    "物理防御": "87",
    "物理减伤率": "12.6%",
    "法术防御": "50",
    "法术减伤率": "7.6%",
    "移速": "396",
    "物理护甲穿透": "0",
    "法术护甲穿透": "0",
    "攻速加成": "0",
    "暴击几率": "0",
    "暴击效果": "0%",
    "物理吸血": "0",
    "法术吸血": "0",
    "冷却缩减": "0%",
    "攻击范围": "远程",
    "韧性": "0",
    "生命回复": "46",
    "法力回复": "15"
}
{
    "id": "16005",
    "name": "伽罗",
    "生存能力": "4",
    "攻击伤害": "10",
    "技能效果": "8",
    "上手难度": "5",
    "最大生命": "3173",
    "最大法力": "490",
    "物理攻击": "205",
    "法术攻击": "0",
    "物理防御": "84",
    "物理减伤率": "12.2%",
    "法术防御": "50",
    "法术减伤率": "7.6%",
    "移速": "350",
    "物理护甲穿透": "0",
    "法术护甲穿透": "0",
    "攻速加成": "0",
    "暴击几率": "0",
    "暴击效果": "0%",
    "物理吸血": "0",
    "法术吸血": "0",
    "冷却缩减": "0%",
    "攻击范围": "远程",
    "韧性": "0",
    "生命回复": "39",
    "法力回复": "18"
}
{
    "id": "15987",
    "name": "盾山",
    "生存能力": "10",
    "攻击伤害": "5",
    "技能效果": "10",
    "上手难度": "5",
    "最大生命": "3041",
    "最大法力": "125",
    "物理攻击": "171",
    "法术攻击": "0",
    "物理防御": "79",
    "物理减伤率": "11.6%",
    "法术防御": "50",
    "法术减伤率": "7.6%",
    "移速": "530",
    "物理护甲穿透": "0",
    "法术护甲穿透": "0",
    "攻速加成": "0",
    "暴击几率": "0",
    "暴击效果": "200%",
    "物理吸血": "0",
    "法术吸血": "0",
    "冷却缩减": "0%",
    "攻击范围": "近程",
    "韧性": "0",
    "生命回复": "50",
    "法力回复": "25"
}
{
    "id": "15967",
    "name": "司马懿",
    "生存能力": "4",
    "攻击伤害": "3",
    "技能效果": "8",
    "上手难度": "7",
    "最大生命": "3166",
    "最大法力": "490",
    "物理攻击": "165",
    "法术攻击": "0",
    "物理防御": "91",
    "物理减伤率": "13.1%",
    "法术防御": "50",
    "法术减伤率": "7.6%",
    "移速": "360",
    "物理护甲穿透": "0",
    "法术护甲穿透": "0",
    "攻速加成": "0",
    "暴击几率": "0",
    "暴击效果": "200%",
    "物理吸血": "0",
    "法术吸血": "0",
    "冷却缩减": "0%",
    "攻击范围": "远程",
    "韧性": "0",
    "生命回复": "45",
    "法力回复": "18"
}
{
    "id": "15863",
    "name": "孙策",
    "生存能力": "8",
    "攻击伤害": "5",
    "技能效果": "8",
    "上手难度": "4",
    "最大生命": "3237",
    "最大法力": "420",
    "物理攻击": "151",
    "法术攻击": "0",
    "物理防御": "97",
    "物理减伤率": "13.9%",
    "法术防御": "50",
    "法术减伤率": "7.6%",
    "移速": "380",
    "物理护甲穿透": "0/0%",
    "法术护甲穿透": "0/0%",
    "攻速加成": "0%",
    "暴击几率": "0%",
    "暴击效果": "200%",
    "物理吸血": "0%",
    "法术吸血": "0%",
    "冷却缩减": "0%",
    "攻击范围": "近程",
    "韧性": "0%",
    "生命回复": "80",
    "法力回复": "15"
}
{
    "id": "15838",
    "name": "米莱狄",
    "生存能力": "3",
    "攻击伤害": "2",
    "技能效果": "8",
    "上手难度": "4",
    "最大生命": "3166",
    "最大法力": "490",
    "物理攻击": "165",
    "法术攻击": "0",
    "物理防御": "91",
    "物理减伤率": "13.1%",
    "法术防御": "50",
    "法术减伤率": "7.6%",
    "移速": "360",
    "物理护甲穿透": "0",
    "法术护甲穿透": "0",
    "攻速加成": "0",
    "暴击几率": "0",
    "暴击效果": "200%",
    "物理吸血": "0",
    "法术吸血": "0",
    "冷却缩减": "0%",
    "攻击范围": "远程",
    "韧性": "0",
    "生命回复": "45",
    "法力回复": "18"
}
{
    "id": "15825",
    "name": "狂铁",
    "生存能力": "6",
    "攻击伤害": "6",
    "技能效果": "6",
    "上手难度": "5",
    "最大生命": "3263",
    "最大法力": "90",
    "物理攻击": "1066",
    "法术攻击": "0",
    "物理防御": "95",
    "物理减伤率": "13.6%",
    "法术防御": "50",
    "法术减伤率": "7.6%",
    "移速": "380",
    "物理护甲穿透": "0/0%",
    "法术护甲穿透": "0/0%",
    "攻速加成": "0%",
    "暴击几率": "0%",
    "暴击效果": "200%",
    "物理吸血": "0%",
    "法术吸血": "0%",
    "冷却缩减": "0%",
    "攻击范围": "近程",
    "韧性": "0%",
    "生命回复": "50",
    "法力回复": "0"
}
{
    "id": "15796",
    "name": "裴擒虎",
    "生存能力": "5",
    "攻击伤害": "8",
    "技能效果": "6",
    "上手难度": "9",
    "最大生命": "3483",
    "最大法力": "450",
    "物理攻击": "159",
    "法术攻击": "0",
    "物理防御": "99",
    "物理减伤率": "14.1%",
    "法术防御": "50",
    "法术减伤率": "7.6%",
    "移速": "380",
    "物理护甲穿透": "0",
    "法术护甲穿透": "0",
    "攻速加成": "0%",
    "暴击几率": "0%",
    "暴击效果": "200%",
    "物理吸血": "0%",
    "法术吸血": "0%",
    "冷却缩减": "0%",
    "攻击范围": "近程",
    "韧性": "0%",
    "生命回复": "53",
    "法力回复": "16"
}
{
    "id": "15783",
    "name": "杨玉环",
    "生存能力": "7",
    "攻击伤害": "5",
    "技能效果": "8",
    "上手难度": "5",
    "最大生命": "3238",
    "最大法力": "470",
    "物理攻击": "159",
    "法术攻击": "0",
    "物理防御": "96",
    "物理减伤率": "13.7%",
    "法术防御": "50",
    "法术减伤率": "7.6%",
    "移速": "360",
    "物理护甲穿透": "0",
    "法术护甲穿透": "0",
    "攻速加成": "0",
    "暴击几率": "0",
    "暴击效果": "0%",
    "物理吸血": "0",
    "法术吸血": "0",
    "冷却缩减": "0%",
    "攻击范围": "远程",
    "韧性": "0",
    "生命回复": "38",
    "法力回复": "17"
}
{
    "id": "15772",
    "name": "公孙离",
    "生存能力": "3",
    "攻击伤害": "5",
    "技能效果": "8",
    "上手难度": "8",
    "最大生命": "3041",
    "最大法力": "200",
    "物理攻击": "175",
    "法术攻击": "0",
    "物理防御": "91",
    "物理减伤率": "13.1%",
    "法术防御": "50",
    "法术减伤率": "7.6%",
    "移速": "350",
    "物理护甲穿透": "",
    "法术护甲穿透": "",
    "攻速加成": "",
    "暴击几率": "",
    "暴击效果": "200%",
    "物理吸血": "",
    "法术吸血": "",
    "冷却缩减": "%",
    "攻击范围": "远程",
    "韧性": "",
    "生命回复": "46",
    "法力回复": "50"
}
{
    "id": "15750",
    "name": "弈星",
    "生存能力": "3",
    "攻击伤害": "5",
    "技能效果": "8",
    "上手难度": "7",
    "最大生命": "2958",
    "最大法力": "470",
    "物理攻击": "159",
    "法术攻击": "159",
    "物理防御": "93",
    "物理减伤率": "13.4%",
    "法术防御": "50",
    "法术减伤率": "7.6%",
    "移速": "360",
    "物理护甲穿透": "",
    "法术护甲穿透": "",
    "攻速加成": "",
    "暴击几率": "",
    "暴击效果": "200%",
    "物理吸血": "",
    "法术吸血": "",
    "冷却缩减": "%",
    "攻击范围": "远程",
    "韧性": "",
    "生命回复": "42",
    "法力回复": "17"
}
{
    "id": "15737",
    "name": "明世隐",
    "生存能力": "3",
    "攻击伤害": "4",
    "技能效果": "8",
    "上手难度": "5",
    "最大生命": "3182",
    "最大法力": "420",
    "物理攻击": "161",
    "法术攻击": "0",
    "物理防御": "86",
    "物理减伤率": "17.2%",
    "法术防御": "50",
    "法术减伤率": "7.6%",
    "移速": "340",
    "物理护甲穿透": "0",
    "法术护甲穿透": "0",
    "攻速加成": "0",
    "暴击几率": "0",
    "暴击效果": "200%",
    "物理吸血": "0",
    "法术吸血": "0",
    "冷却缩减": "0%",
    "攻击范围": "近程",
    "韧性": "0",
    "生命回复": "41",
    "法力回复": "16"
}
{
    "id": "15595",
    "name": "梦奇",
    "生存能力": "9",
    "攻击伤害": "5",
    "技能效果": "6",
    "上手难度": "6",
    "最大生命": "3041",
    "最大法力": "125",
    "物理攻击": "171",
    "法术攻击": "0",
    "物理防御": "79",
    "物理减伤率": "11.6%",
    "法术防御": "50",
    "法术减伤率": "7.6%",
    "移速": "530",
    "物理护甲穿透": "0",
    "法术护甲穿透": "0",
    "攻速加成": "0",
    "暴击几率": "0",
    "暴击效果": "200%",
    "物理吸血": "0",
    "法术吸血": "0",
    "冷却缩减": "0%",
    "攻击范围": "近程",
    "韧性": "0",
    "生命回复": "50",
    "法力回复": "25"
}
{
    "id": "15567",
    "name": "百里玄策",
    "生存能力": "5",
    "攻击伤害": "8",
    "技能效果": "8",
    "上手难度": "10",
    "最大生命": "3359",
    "最大法力": "450",
    "物理攻击": "178",
    "法术攻击": "0",
    "物理防御": "88",
    "物理减伤率": "12.7%",
    "法术防御": "50",
    "法术减伤率": "7.6%",
    "移速": "380",
    "物理护甲穿透": "0",
    "法术护甲穿透": "0",
    "攻速加成": "0",
    "暴击几率": "0",
    "暴击效果": "200%",
    "物理吸血": "0",
    "法术吸血": "0",
    "冷却缩减": "0%",
    "攻击范围": "近程",
    "韧性": "0",
    "生命回复": "51",
    "法力回复": "16"
}
{
    "id": "15549",
    "name": "苏烈",
    "生存能力": "9",
    "攻击伤害": "5",
    "技能效果": "5",
    "上手难度": "5",
    "最大生命": "3369",
    "最大法力": "0",
    "物理攻击": "171",
    "法术攻击": "0",
    "物理防御": "93",
    "物理减伤率": "13.4%",
    "法术防御": "50",
    "法术减伤率": "7.6%",
    "移速": "380",
    "物理护甲穿透": "0",
    "法术护甲穿透": "0",
    "攻速加成": "0",
    "暴击几率": "0",
    "暴击效果": "200%",
    "物理吸血": "0",
    "法术吸血": "0",
    "冷却缩减": "0%",
    "攻击范围": "近程",
    "韧性": "0",
    "生命回复": "56",
    "法力回复": "0"
}
{
    "id": "15476",
    "name": "百里守约",
    "生存能力": "3",
    "攻击伤害": "6",
    "技能效果": "8",
    "上手难度": "6",
    "最大生命": "3182",
    "最大法力": "440",
    "物理攻击": "161",
    "法术攻击": "0",
    "物理防御": "86",
    "物理减伤率": "12.5%",
    "法术防御": "50",
    "法术减伤率": "7.6%",
    "移速": "350",
    "物理护甲穿透": "",
    "法术护甲穿透": "",
    "攻速加成": "",
    "暴击几率": "200",
    "暴击效果": "%",
    "物理吸血": "",
    "法术吸血": "",
    "冷却缩减": "%",
    "攻击范围": "远程",
    "韧性": "",
    "生命回复": "41",
    "法力回复": "16"
}
{
    "id": "15462",
    "name": "元歌",
    "生存能力": "4",
    "攻击伤害": "6",
    "技能效果": "4",
    "上手难度": "4",
    "最大生命": "3269",
    "最大法力": "0",
    "物理攻击": "177",
    "法术攻击": "0",
    "物理防御": "89",
    "物理减伤率": "12.9%",
    "法术防御": "50",
    "法术减伤率": "7.6%",
    "移速": "380",
    "物理护甲穿透": "0",
    "法术护甲穿透": "0",
    "攻速加成": "0",
    "暴击几率": "0",
    "暴击效果": "200%",
    "物理吸血": "0",
    "法术吸血": "0",
    "冷却缩减": "0%",
    "攻击范围": "近程",
    "韧性": "0",
    "生命回复": "50",
    "法力回复": "0"
}
{
    "id": "15450",
    "name": "女娲",
    "生存能力": "3",
    "攻击伤害": "7",
    "技能效果": "3",
    "上手难度": "6",
    "最大生命": "2958",
    "最大法力": "470",
    "物理攻击": "159",
    "法术攻击": "0",
    "物理防御": "93",
    "物理减伤率": "13.4%",
    "法术防御": "50",
    "法术减伤率": "7.6%",
    "移速": "360",
    "物理护甲穿透": "0",
    "法术护甲穿透": "0",
    "攻速加成": "0",
    "暴击几率": "0",
    "暴击效果": "200%",
    "物理吸血": "0",
    "法术吸血": "0",
    "冷却缩减": "0%",
    "攻击范围": "远程",
    "韧性": "0",
    "生命回复": "42",
    "法力回复": "17"
}
{
    "id": "15436",
    "name": "鬼谷子",
    "生存能力": "4",
    "攻击伤害": "7",
    "技能效果": "3",
    "上手难度": "4",
    "最大生命": "3200",
    "最大法力": "490",
    "物理攻击": "168",
    "法术攻击": "0",
    "物理防御": "87",
    "物理减伤率": "12.6%",
    "法术防御": "50",
    "法术减伤率": "7.6%",
    "移速": "350",
    "物理护甲穿透": "0",
    "法术护甲穿透": "0",
    "攻速加成": "0",
    "暴击几率": "0",
    "暴击效果": "200%",
    "物理吸血": "0",
    "法术吸血": "0",
    "冷却缩减": "0%",
    "攻击范围": "远程",
    "韧性": "0",
    "生命回复": "45",
    "法力回复": "18"
}
{
    "id": "15421",
    "name": "铠",
    "生存能力": "6",
    "攻击伤害": "4",
    "技能效果": "5",
    "上手难度": "6",
    "最大生命": "3267",
    "最大法力": "430",
    "物理攻击": "173",
    "法术攻击": "0",
    "物理防御": "84",
    "物理减伤率": "12.2%",
    "法术防御": "50",
    "法术减伤率": "7.6%",
    "移速": "380",
    "物理护甲穿透": "0",
    "法术护甲穿透": "0",
    "攻速加成": "0",
    "暴击几率": "0",
    "暴击效果": "200%",
    "物理吸血": "0",
    "法术吸血": "0",
    "冷却缩减": "0%",
    "攻击范围": "近程",
    "韧性": "0",
    "生命回复": "50",
    "法力回复": "15"
}
{
    "id": "14488",
    "name": "干将莫邪",
    "生存能力": "3",
    "攻击伤害": "6",
    "技能效果": "8",
    "上手难度": "9",
    "最大生命": "3189",
    "最大法力": "490",
    "物理攻击": "159",
    "法术攻击": "0",
    "物理防御": "92",
    "物理减伤率": "13.5%",
    "法术防御": "50",
    "法术减伤率": "7.6%",
    "移速": "380",
    "物理护甲穿透": "0",
    "法术护甲穿透": "0",
    "攻速加成": "0",
    "暴击几率": "0",
    "暴击效果": "200%",
    "物理吸血": "0",
    "法术吸血": "0",
    "冷却缩减": "0%",
    "攻击范围": "远程",
    "韧性": "0",
    "生命回复": "45",
    "法力回复": "17"
}
{
    "id": "13255",
    "name": "东皇太一",
    "生存能力": "9",
    "攻击伤害": "5",
    "技能效果": "6",
    "上手难度": "6",
    "最大生命": "3201",
    "最大法力": "470",
    "物理攻击": "163",
    "法术攻击": "0",
    "物理防御": "90",
    "物理减伤率": "14.1%",
    "法术防御": "50",
    "法术减伤率": "7.6%",
    "移速": "350",
    "物理护甲穿透": "0",
    "法术护甲穿透": "0",
    "攻速加成": "0",
    "暴击几率": "0",
    "暴击效果": "200%",
    "物理吸血": "0",
    "法术吸血": "0",
    "冷却缩减": "0%",
    "攻击范围": "远程",
    "韧性": "0",
    "生命回复": "53",
    "法力回复": "17"
}
{
    "id": "13141",
    "name": "艾琳",
    "生存能力": "3",
    "攻击伤害": "6",
    "技能效果": "8",
    "上手难度": "6",
    "最大生命": "3182",
    "最大法力": "440",
    "物理攻击": "161",
    "法术攻击": "0",
    "物理防御": "86",
    "物理减伤率": "12.5%",
    "法术防御": "50",
    "法术减伤率": "7.6%",
    "移速": "350",
    "物理护甲穿透": "0",
    "法术护甲穿透": "0",
    "攻速加成": "0",
    "暴击几率": "0",
    "暴击效果": "200%",
    "物理吸血": "0",
    "法术吸血": "0",
    "冷却缩减": "0%",
    "攻击范围": "远程",
    "韧性": "0",
    "生命回复": "41",
    "法力回复": "16"
}
{
    "id": "13091",
    "name": "大乔",
    "生存能力": "3",
    "攻击伤害": "3",
    "技能效果": "6",
    "上手难度": "8",
    "最大生命": "2958",
    "最大法力": "470",
    "物理攻击": "159",
    "法术攻击": "0",
    "物理防御": "93",
    "物理减伤率": "13.4%",
    "法术防御": "50",
    "法术减伤率": "7.6%",
    "移速": "360",
    "物理护甲穿透": "0",
    "法术护甲穿透": "0",
    "攻速加成": "0",
    "暴击几率": "0",
    "暴击效果": "200%",
    "物理吸血": "0",
    "法术吸血": "0",
    "冷却缩减": "0%",
    "攻击范围": "远程",
    "韧性": "0",
    "生命回复": "42",
    "法力回复": "17"
}
{
    "id": "13073",
    "name": "黄忠",
    "生存能力": "2",
    "攻击伤害": "8",
    "技能效果": "4",
    "上手难度": "3",
    "最大生命": "3173",
    "最大法力": "440",
    "物理攻击": "172",
    "法术攻击": "0",
    "物理防御": "91",
    "物理减伤率": "13.1%",
    "法术防御": "50",
    "法术减伤率": "7.6%",
    "移速": "350",
    "物理护甲穿透": "0",
    "法术护甲穿透": "0",
    "攻速加成": "0",
    "暴击几率": "0",
    "暴击效果": "200%",
    "物理吸血": "0",
    "法术吸血": "0",
    "冷却缩减": "0%",
    "攻击范围": "远程",
    "韧性": "0",
    "生命回复": "39",
    "法力回复": "16"
}
{
    "id": "13049",
    "name": "诸葛亮",
    "生存能力": "3",
    "攻击伤害": "6",
    "技能效果": "8",
    "上手难度": "8",
    "最大生命": "3135",
    "最大法力": "490",
    "物理攻击": "156",
    "法术攻击": "0",
    "物理防御": "87",
    "物理减伤率": "12.6%",
    "法术防御": "50",
    "法术减伤率": "7.6%",
    "移速": "350",
    "物理护甲穿透": "0",
    "法术护甲穿透": "0",
    "攻速加成": "0",
    "暴击几率": "0",
    "暴击效果": "0%",
    "物理吸血": "0",
    "法术吸血": "0",
    "冷却缩减": "0%",
    "攻击范围": "远程",
    "韧性": "0",
    "生命回复": "44",
    "法力回复": "18"
}
{
    "id": "13004",
    "name": "哪吒",
    "生存能力": "9",
    "攻击伤害": "7",
    "技能效果": "7",
    "上手难度": "9",
    "最大生命": "3483",
    "最大法力": "450",
    "物理攻击": "159",
    "法术攻击": "0",
    "物理防御": "99",
    "物理减伤率": "14.1%",
    "法术防御": "50",
    "法术减伤率": "7.6%",
    "移速": "380",
    "物理护甲穿透": "0",
    "法术护甲穿透": "0",
    "攻速加成": "0%",
    "暴击几率": "0%",
    "暴击效果": "200%",
    "物理吸血": "0%",
    "法术吸血": "0%",
    "冷却缩减": "0%",
    "攻击范围": "近程",
    "韧性": "0%",
    "生命回复": "53",
    "法力回复": "16"
}
{
    "id": "12551",
    "name": "太乙真人",
    "生存能力": "8",
    "攻击伤害": "4",
    "技能效果": "5",
    "上手难度": "5",
    "最大生命": "3443",
    "最大法力": "420",
    "物理攻击": "154",
    "法术攻击": "0",
    "物理防御": "94",
    "物理减伤率": "13.5%",
    "法术防御": "50",
    "法术减伤率": "0%",
    "移速": "360",
    "物理护甲穿透": "0",
    "法术护甲穿透": "0",
    "攻速加成": "0",
    "暴击几率": "0",
    "暴击效果": "0%",
    "物理吸血": "0",
    "法术吸血": "0",
    "冷却缩减": "0%",
    "攻击范围": "近程",
    "韧性": "0",
    "生命回复": "49",
    "法力回复": "15"
}
{
    "id": "11825",
    "name": "杨戬",
    "生存能力": "8",
    "攻击伤害": "7",
    "技能效果": "6",
    "上手难度": "6",
    "最大生命": "3339",
    "最大法力": "420",
    "物理攻击": "166",
    "法术攻击": "0",
    "物理防御": "98",
    "物理减伤率": "14%",
    "法术防御": "50",
    "法术减伤率": "7.6%",
    "移速": "380",
    "物理护甲穿透": "0",
    "法术护甲穿透": "0",
    "攻速加成": "0",
    "暴击几率": "0",
    "暴击效果": "200%",
    "物理吸血": "0",
    "法术吸血": "0",
    "冷却缩减": "0%",
    "攻击范围": "近程",
    "韧性": "0",
    "生命回复": "51",
    "法力回复": "15"
}
{
    "id": "11824",
    "name": "成吉思汗",
    "生存能力": "4",
    "攻击伤害": "8",
    "技能效果": "4",
    "上手难度": "7",
    "最大生命": "3027",
    "最大法力": "440",
    "物理攻击": "184",
    "法术攻击": "0",
    "物理防御": "94",
    "物理减伤率": "13.5%",
    "法术防御": "50",
    "法术减伤率": "7.6%",
    "移速": "370",
    "物理护甲穿透": "0",
    "法术护甲穿透": "0",
    "攻速加成": "0",
    "暴击几率": "0",
    "暴击效果": "200%",
    "物理吸血": "0",
    "法术吸血": "0",
    "冷却缩减": "0%",
    "攻击范围": "远程",
    "韧性": "0",
    "生命回复": "37",
    "法力回复": "15"
}
{
    "id": "9557",
    "name": "橘右京",
    "生存能力": "6",
    "攻击伤害": "6",
    "技能效果": "5",
    "上手难度": "2",
    "最大生命": "3150",
    "最大法力": "0",
    "物理攻击": "165",
    "法术攻击": "0",
    "物理防御": "96",
    "物理减伤率": "13.7%",
    "法术防御": "50",
    "法术减伤率": "7.6%",
    "移速": "390",
    "物理护甲穿透": "0",
    "法术护甲穿透": "0",
    "攻速加成": "0",
    "暴击几率": "0",
    "暴击效果": "200%",
    "物理吸血": "0",
    "法术吸血": "0",
    "冷却缩减": "0%",
    "攻击范围": "近程",
    "韧性": "0",
    "生命回复": "48",
    "法力回复": "0"
}
{
    "id": "9556",
    "name": "马可波罗",
    "生存能力": "7",
    "攻击伤害": "5",
    "技能效果": "6",
    "上手难度": "6",
    "最大生命": "3041",
    "最大法力": "200",
    "物理攻击": "175",
    "法术攻击": "0",
    "物理防御": "91",
    "物理减伤率": "13.1%",
    "法术防御": "50",
    "法术减伤率": "7.6%",
    "移速": "350",
    "物理护甲穿透": "0",
    "法术护甲穿透": "0",
    "攻速加成": "0",
    "暴击几率": "0",
    "暴击效果": "200%",
    "物理吸血": "0",
    "法术吸血": "0",
    "冷却缩减": "0%",
    "攻击范围": "远程",
    "韧性": "0",
    "生命回复": "46",
    "法力回复": "50"
}
{
    "id": "9555",
    "name": "雅典娜",
    "生存能力": "3",
    "攻击伤害": "6",
    "技能效果": "8",
    "上手难度": "6",
    "最大生命": "2862",
    "最大法力": "430",
    "物理攻击": "162",
    "法术攻击": "0",
    "物理防御": "106",
    "物理减伤率": "15%",
    "法术防御": "50",
    "法术减伤率": "7.6%",
    "移速": "410",
    "物理护甲穿透": "0",
    "法术护甲穿透": "0",
    "攻速加成": "0",
    "暴击几率": "0",
    "暴击效果": "200%",
    "物理吸血": "0",
    "法术吸血": "0",
    "冷却缩减": "0%",
    "攻击范围": "近程",
    "韧性": "0",
    "生命回复": "44",
    "法力回复": "15"
}
{
    "id": "9554",
    "name": "夏侯惇",
    "生存能力": "4",
    "攻击伤害": "6",
    "技能效果": "5",
    "上手难度": "4",
    "最大生命": "3307",
    "最大法力": "430",
    "物理攻击": "159",
    "法术攻击": "0",
    "物理防御": "101",
    "物理减伤率": "14.4%",
    "法术防御": "50",
    "法术减伤率": "7.6%",
    "移速": "380",
    "物理护甲穿透": "0",
    "法术护甲穿透": "0",
    "攻速加成": "0",
    "暴击几率": "0",
    "暴击效果": "200%",
    "物理吸血": "0",
    "法术吸血": "0",
    "冷却缩减": "0%",
    "攻击范围": "近程",
    "韧性": "0",
    "生命回复": "51",
    "法力回复": "15"
}
{
    "id": "9553",
    "name": "蔡文姬",
    "生存能力": "6",
    "攻击伤害": "3",
    "技能效果": "5",
    "上手难度": "8",
    "最大生命": "3238",
    "最大法力": "470",
    "物理攻击": "159",
    "法术攻击": "0",
    "物理防御": "96",
    "物理减伤率": "13.7%",
    "法术防御": "50",
    "法术减伤率": "7.6%",
    "移速": "360",
    "物理护甲穿透": "0",
    "法术护甲穿透": "0",
    "攻速加成": "0",
    "暴击几率": "0",
    "暴击效果": "200%",
    "物理吸血": "0",
    "法术吸血": "0",
    "冷却缩减": "0%",
    "攻击范围": "远程",
    "韧性": "0",
    "生命回复": "38",
    "法力回复": "17"
}
{
    "id": "9552",
    "name": "关羽",
    "生存能力": "9",
    "攻击伤害": "5",
    "技能效果": "6",
    "上手难度": "7",
    "最大生命": "3322",
    "最大法力": "10",
    "物理攻击": "170",
    "法术攻击": "0",
    "物理防御": "101",
    "物理减伤率": "14.4%",
    "法术防御": "50",
    "法术减伤率": "7.6%",
    "移速": "380",
    "物理护甲穿透": "0",
    "法术护甲穿透": "0",
    "攻速加成": "0",
    "暴击几率": "0",
    "暴击效果": "200%",
    "物理吸血": "0",
    "法术吸血": "0",
    "冷却缩减": "0%",
    "攻击范围": "近程",
    "韧性": "0",
    "生命回复": "51",
    "法力回复": "0"
}
{
    "id": "9551",
    "name": "虞姬",
    "生存能力": "3",
    "攻击伤害": "8",
    "技能效果": "5",
    "上手难度": "7",
    "最大生命": "2977",
    "最大法力": "440",
    "物理攻击": "165",
    "法术攻击": "0",
    "物理防御": "84",
    "物理减伤率": "12.2%",
    "法术防御": "50",
    "法术减伤率": "7.6%",
    "移速": "350",
    "物理护甲穿透": "0",
    "法术护甲穿透": "0",
    "攻速加成": "0",
    "暴击几率": "0",
    "暴击效果": "200%",
    "物理吸血": "0",
    "法术吸血": "0",
    "冷却缩减": "0%",
    "攻击范围": "远程",
    "韧性": "0",
    "生命回复": "36",
    "法力回复": "16"
}
{
    "id": "9550",
    "name": "不知火舞",
    "生存能力": "3",
    "攻击伤害": "5",
    "技能效果": "9",
    "上手难度": "9",
    "最大生命": "3235",
    "最大法力": "200",
    "物理攻击": "170",
    "法术攻击": "0",
    "物理防御": "89",
    "物理减伤率": "12.9%",
    "法术防御": "50",
    "法术减伤率": "7.6%",
    "移速": "390",
    "物理护甲穿透": "0",
    "法术护甲穿透": "0",
    "攻速加成": "0",
    "暴击几率": "0",
    "暴击效果": "200%",
    "物理吸血": "0",
    "法术吸血": "0",
    "冷却缩减": "0%",
    "攻击范围": "近程",
    "韧性": "0",
    "生命回复": "46",
    "法力回复": "50"
}
{
    "id": "9549",
    "name": "刘邦",
    "生存能力": "8",
    "攻击伤害": "4",
    "技能效果": "7",
    "上手难度": "5",
    "最大生命": "3369",
    "最大法力": "470",
    "物理攻击": "158",
    "法术攻击": "0",
    "物理防御": "125",
    "物理减伤率": "17.2%",
    "法术防御": "50",
    "法术减伤率": "7.6%",
    "移速": "380",
    "物理护甲穿透": "0",
    "法术护甲穿透": "0",
    "攻速加成": "0",
    "暴击几率": "0",
    "暴击效果": "200%",
    "物理吸血": "0",
    "法术吸血": "0",
    "冷却缩减": "0%",
    "攻击范围": "近程",
    "韧性": "0",
    "生命回复": "58",
    "法力回复": "17"
}
{
    "id": "9548",
    "name": "李元芳",
    "生存能力": "4",
    "攻击伤害": "8",
    "技能效果": "4",
    "上手难度": "5",
    "最大生命": "3007",
    "最大法力": "440",
    "物理攻击": "161",
    "法术攻击": "0",
    "物理防御": "87",
    "物理减伤率": "12.6%",
    "法术防御": "50",
    "法术减伤率": "7.6%",
    "移速": "350",
    "物理护甲穿透": "0",
    "法术护甲穿透": "0",
    "攻速加成": "0",
    "暴击几率": "0",
    "暴击效果": "200%",
    "物理吸血": "0",
    "法术吸血": "0",
    "冷却缩减": "0%",
    "攻击范围": "远程",
    "韧性": "0",
    "生命回复": "37",
    "法力回复": "15"
}
{
    "id": "9547",
    "name": "张飞",
    "生存能力": "9",
    "攻击伤害": "2",
    "技能效果": "5",
    "上手难度": "7",
    "最大生命": "3450",
    "最大法力": "100",
    "物理攻击": "153",
    "法术攻击": "0",
    "物理防御": "125",
    "物理减伤率": "17.2%",
    "法术防御": "50",
    "法术减伤率": "7.6%",
    "移速": "380",
    "物理护甲穿透": "0",
    "法术护甲穿透": "0",
    "攻速加成": "0",
    "暴击几率": "0",
    "暴击效果": "200%",
    "物理吸血": "0",
    "法术吸血": "0",
    "冷却缩减": "0%",
    "攻击范围": "近程",
    "韧性": "0",
    "生命回复": "57",
    "法力回复": "5"
}
{
    "id": "9546",
    "name": "钟馗",
    "生存能力": "9",
    "攻击伤害": "3",
    "技能效果": "7",
    "上手难度": "8",
    "最大生命": "3420",
    "最大法力": "490",
    "物理攻击": "162",
    "法术攻击": "0",
    "物理防御": "99",
    "物理减伤率": "14.1%",
    "法术防御": "50",
    "法术减伤率": "7.6%",
    "移速": "360",
    "物理护甲穿透": "0",
    "法术护甲穿透": "0",
    "攻速加成": "0",
    "暴击几率": "0",
    "暴击效果": "200%",
    "物理吸血": "0",
    "法术吸血": "0",
    "冷却缩减": "0%",
    "攻击范围": "近程",
    "韧性": "0",
    "生命回复": "57",
    "法力回复": "17"
}
{
    "id": "9544",
    "name": "刘备",
    "生存能力": "3",
    "攻击伤害": "9",
    "技能效果": "3",
    "上手难度": "7",
    "最大生命": "3081",
    "最大法力": "440",
    "物理攻击": "169",
    "法术攻击": "0",
    "物理防御": "88",
    "物理减伤率": "12.7%",
    "法术防御": "50",
    "法术减伤率": "7.6%",
    "移速": "350",
    "物理护甲穿透": "0",
    "法术护甲穿透": "0",
    "攻速加成": "0",
    "暴击几率": "0",
    "暴击效果": "200%",
    "物理吸血": "0",
    "法术吸血": "0",
    "冷却缩减": "0%",
    "攻击范围": "远程",
    "韧性": "0",
    "生命回复": "38",
    "法力回复": "15"
}
{
    "id": "9543",
    "name": "露娜",
    "生存能力": "1",
    "攻击伤害": "4",
    "技能效果": "10",
    "上手难度": "8",
    "最大生命": "3021",
    "最大法力": "450",
    "物理攻击": "163",
    "法术攻击": "0",
    "物理防御": "102",
    "物理减伤率": "14.5%",
    "法术防御": "50",
    "法术减伤率": "7.6%",
    "移速": "380",
    "物理护甲穿透": "0",
    "法术护甲穿透": "0",
    "攻速加成": "0",
    "暴击几率": "0",
    "暴击效果": "200%",
    "物理吸血": "0",
    "法术吸血": "0",
    "冷却缩减": "0%",
    "攻击范围": "近程",
    "韧性": "0",
    "生命回复": "52",
    "法力回复": "16"
}
{
    "id": "9542",
    "name": "宫本武藏",
    "生存能力": "3",
    "攻击伤害": "10",
    "技能效果": "4",
    "上手难度": "9",
    "最大生命": "2902",
    "最大法力": "0",
    "物理攻击": "157",
    "法术攻击": "0",
    "物理防御": "106",
    "物理减伤率": "15%",
    "法术防御": "50",
    "法术减伤率": "7.6%",
    "移速": "400",
    "物理护甲穿透": "0",
    "法术护甲穿透": "0",
    "攻速加成": "0",
    "暴击几率": "0",
    "暴击效果": "200%",
    "物理吸血": "0",
    "法术吸血": "0",
    "冷却缩减": "0%",
    "攻击范围": "近程",
    "韧性": "0",
    "生命回复": "47",
    "法力回复": "0"
}
{
    "id": "9541",
    "name": "花木兰",
    "生存能力": "2",
    "攻击伤害": "9",
    "技能效果": "5",
    "上手难度": "9",
    "最大生命": "2886",
    "最大法力": "0",
    "物理攻击": "170",
    "法术攻击": "0",
    "物理防御": "86",
    "物理减伤率": "12.5%",
    "法术防御": "50",
    "法术减伤率": "7.6%",
    "移速": "380",
    "物理护甲穿透": "0",
    "法术护甲穿透": "0",
    "攻速加成": "0",
    "暴击几率": "0",
    "暴击效果": "200%",
    "物理吸血": "0",
    "法术吸血": "0",
    "冷却缩减": "0%",
    "攻击范围": "近程",
    "韧性": "0",
    "生命回复": "44",
    "法力回复": "0"
}
{
    "id": "9540",
    "name": "兰陵王",
    "生存能力": "2",
    "攻击伤害": "10",
    "技能效果": "4",
    "上手难度": "6",
    "最大生命": "3292",
    "最大法力": "450",
    "物理攻击": "171",
    "法术攻击": "0",
    "物理防御": "85",
    "物理减伤率": "12.4%",
    "法术防御": "50",
    "法术减伤率": "7.6%",
    "移速": "400",
    "物理护甲穿透": "0",
    "法术护甲穿透": "0",
    "攻速加成": "0",
    "暴击几率": "0",
    "暴击效果": "200%",
    "物理吸血": "0",
    "法术吸血": "0",
    "冷却缩减": "0%",
    "攻击范围": "近程",
    "韧性": "0",
    "生命回复": "52",
    "法力回复": "19"
}
{
    "id": "9539",
    "name": "娜可露露",
    "生存能力": "3",
    "攻击伤害": "7",
    "技能效果": "6",
    "上手难度": "5",
    "最大生命": "3239",
    "最大法力": "450",
    "物理攻击": "173",
    "法术攻击": "0",
    "物理防御": "86",
    "物理减伤率": "12.5%",
    "法术防御": "50",
    "法术减伤率": "7.6%",
    "移速": "380",
    "物理护甲穿透": "0",
    "法术护甲穿透": "0",
    "攻速加成": "0",
    "暴击几率": "0",
    "暴击效果": "200%",
    "物理吸血": "0",
    "法术吸血": "0",
    "冷却缩减": "0%",
    "攻击范围": "近程",
    "韧性": "0",
    "生命回复": "47",
    "法力回复": "16"
}
{
    "id": "9538",
    "name": "李白",
    "生存能力": "3",
    "攻击伤害": "6",
    "技能效果": "8",
    "上手难度": "6",
    "最大生命": "2968",
    "最大法力": "450",
    "物理攻击": "169",
    "法术攻击": "0",
    "物理防御": "98",
    "物理减伤率": "14%",
    "法术防御": "50",
    "法术减伤率": "7.6%",
    "移速": "390",
    "物理护甲穿透": "0",
    "法术护甲穿透": "0",
    "攻速加成": "0",
    "暴击几率": "0",
    "暴击效果": "200%",
    "物理吸血": "0",
    "法术吸血": "0",
    "冷却缩减": "0%",
    "攻击范围": "近程",
    "韧性": "0",
    "生命回复": "49",
    "法力回复": "16"
}
{
    "id": "9537",
    "name": "周瑜",
    "生存能力": "2",
    "攻击伤害": "5",
    "技能效果": "9",
    "上手难度": "7",
    "最大生命": "3093",
    "最大法力": "490",
    "物理攻击": "160",
    "法术攻击": "0",
    "物理防御": "87",
    "物理减伤率": "12.6%",
    "法术防御": "50",
    "法术减伤率": "7.6%",
    "移速": "350",
    "物理护甲穿透": "0",
    "法术护甲穿透": "0",
    "攻速加成": "0",
    "暴击几率": "0",
    "暴击效果": "200%",
    "物理吸血": "0",
    "法术吸血": "0",
    "冷却缩减": "0%",
    "攻击范围": "远程",
    "韧性": "0",
    "生命回复": "44",
    "法力回复": "17"
}
{
    "id": "9536",
    "name": "张良",
    "生存能力": "2",
    "攻击伤害": "3",
    "技能效果": "10",
    "上手难度": "8",
    "最大生命": "3027",
    "最大法力": "490",
    "物理攻击": "170",
    "法术攻击": "0",
    "物理防御": "87",
    "物理减伤率": "12.6%",
    "法术防御": "50",
    "法术减伤率": "7.6%",
    "移速": "350",
    "物理护甲穿透": "0",
    "法术护甲穿透": "0",
    "攻速加成": "0",
    "暴击几率": "0",
    "暴击效果": "200%",
    "物理吸血": "0",
    "法术吸血": "0",
    "冷却缩减": "0%",
    "攻击范围": "远程",
    "韧性": "0",
    "生命回复": "43",
    "法力回复": "18"
}
{
    "id": "9535",
    "name": "芈月",
    "生存能力": "5",
    "攻击伤害": "4",
    "技能效果": "7",
    "上手难度": "3",
    "最大生命": "3105",
    "最大法力": "100",
    "物理攻击": "152",
    "法术攻击": "0",
    "物理防御": "88",
    "物理减伤率": "12.7%",
    "法术防御": "50",
    "法术减伤率": "7.6%",
    "移速": "370",
    "物理护甲穿透": "0",
    "法术护甲穿透": "0",
    "攻速加成": "0",
    "暴击几率": "0",
    "暴击效果": "200%",
    "物理吸血": "0",
    "法术吸血": "0",
    "冷却缩减": "0%",
    "攻击范围": "远程",
    "韧性": "0",
    "生命回复": "44",
    "法力回复": "0"
}
{
    "id": "9534",
    "name": "貂蝉",
    "生存能力": "2",
    "攻击伤害": "6",
    "技能效果": "7",
    "上手难度": "6",
    "最大生命": "3019",
    "最大法力": "490",
    "物理攻击": "167",
    "法术攻击": "0",
    "物理防御": "87",
    "物理减伤率": "12.6%",
    "法术防御": "50",
    "法术减伤率": "7.6%",
    "移速": "350",
    "物理护甲穿透": "0",
    "法术护甲穿透": "0",
    "攻速加成": "0",
    "暴击几率": "0",
    "暴击效果": "200%",
    "物理吸血": "0",
    "法术吸血": "0",
    "冷却缩减": "0%",
    "攻击范围": "远程",
    "韧性": "0",
    "生命回复": "43",
    "法力回复": "17"
}
{
    "id": "9533",
    "name": "牛魔",
    "生存能力": "9",
    "攻击伤害": "2",
    "技能效果": "5",
    "上手难度": "7",
    "最大生命": "3537",
    "最大法力": "470",
    "物理攻击": "156",
    "法术攻击": "0",
    "物理防御": "109",
    "物理减伤率": "15.3%",
    "法术防御": "50",
    "法术减伤率": "7.6%",
    "移速": "380",
    "物理护甲穿透": "0",
    "法术护甲穿透": "0",
    "攻速加成": "0",
    "暴击几率": "0",
    "暴击效果": "200%",
    "物理吸血": "0",
    "法术吸血": "0",
    "冷却缩减": "0%",
    "攻击范围": "近程",
    "韧性": "0",
    "生命回复": "58",
    "法力回复": "17"
}
{
    "id": "9532",
    "name": "曹操",
    "生存能力": "6",
    "攻击伤害": "6",
    "技能效果": "5",
    "上手难度": "6",
    "最大生命": "3531",
    "最大法力": "0",
    "物理攻击": "174",
    "法术攻击": "0",
    "物理防御": "104",
    "物理减伤率": "14.7%",
    "法术防御": "50",
    "法术减伤率": "7.6%",
    "移速": "380",
    "物理护甲穿透": "0",
    "法术护甲穿透": "0",
    "攻速加成": "0",
    "暴击几率": "0",
    "暴击效果": "200%",
    "物理吸血": "0",
    "法术吸血": "0",
    "冷却缩减": "0%",
    "攻击范围": "近程",
    "韧性": "0",
    "生命回复": "54",
    "法力回复": "0"
}
{
    "id": "9531",
    "name": "孙悟空",
    "生存能力": "5",
    "攻击伤害": "5",
    "技能效果": "5",
    "上手难度": "4",
    "最大生命": "3305",
    "最大法力": "430",
    "物理攻击": "167",
    "法术攻击": "0",
    "物理防御": "98",
    "物理减伤率": "14%",
    "法术防御": "50",
    "法术减伤率": "7.6%",
    "移速": "380",
    "物理护甲穿透": "0",
    "法术护甲穿透": "0",
    "攻速加成": "0",
    "暴击几率": "20",
    "暴击效果": "200%",
    "物理吸血": "0",
    "法术吸血": "0",
    "冷却缩减": "0%",
    "攻击范围": "近程",
    "韧性": "0",
    "生命回复": "50",
    "法力回复": "15"
}
{
    "id": "9530",
    "name": "吕布",
    "生存能力": "5",
    "攻击伤害": "8",
    "技能效果": "3",
    "上手难度": "5",
    "最大生命": "3564",
    "最大法力": "0",
    "物理攻击": "170",
    "法术攻击": "0",
    "物理防御": "99",
    "物理减伤率": "14.1%",
    "法术防御": "50",
    "法术减伤率": "7.6%",
    "移速": "370",
    "物理护甲穿透": "0",
    "法术护甲穿透": "0",
    "攻速加成": "0",
    "暴击几率": "0",
    "暴击效果": "200%",
    "物理吸血": "0",
    "法术吸血": "0",
    "冷却缩减": "0%",
    "攻击范围": "近程",
    "韧性": "0",
    "生命回复": "54",
    "法力回复": "0"
}
{
    "id": "9529",
    "name": "白起",
    "生存能力": "9",
    "攻击伤害": "4",
    "技能效果": "4",
    "上手难度": "3",
    "最大生命": "3510",
    "最大法力": "420",
    "物理攻击": "158",
    "法术攻击": "0",
    "物理防御": "120",
    "物理减伤率": "16.6%",
    "法术防御": "50",
    "法术减伤率": "7.6%",
    "移速": "390",
    "物理护甲穿透": "0",
    "法术护甲穿透": "0",
    "攻速加成": "0",
    "暴击几率": "0",
    "暴击效果": "200%",
    "物理吸血": "0",
    "法术吸血": "0",
    "冷却缩减": "0%",
    "攻击范围": "近程",
    "韧性": "0",
    "生命回复": "58",
    "法力回复": "14"
}
{
    "id": "9528",
    "name": "阿轲",
    "生存能力": "2",
    "攻击伤害": "10",
    "技能效果": "4",
    "上手难度": "6",
    "最大生命": "3269",
    "最大法力": "0",
    "物理攻击": "177",
    "法术攻击": "0",
    "物理防御": "89",
    "物理减伤率": "12.9%",
    "法术防御": "50",
    "法术减伤率": "7.6%",
    "移速": "380",
    "物理护甲穿透": "0",
    "法术护甲穿透": "0",
    "攻速加成": "0",
    "暴击几率": "0",
    "暴击效果": "200%",
    "物理吸血": "0",
    "法术吸血": "0",
    "冷却缩减": "0%",
    "攻击范围": "近程",
    "韧性": "0",
    "生命回复": "50",
    "法力回复": "0"
}
{
    "id": "9527",
    "name": "墨子",
    "生存能力": "8",
    "攻击伤害": "3",
    "技能效果": "5",
    "上手难度": "6",
    "最大生命": "3083",
    "最大法力": "420",
    "物理攻击": "181",
    "法术攻击": "0",
    "物理防御": "102",
    "物理减伤率": "14.5%",
    "法术防御": "50",
    "法术减伤率": "7.6%",
    "移速": "380",
    "物理护甲穿透": "0",
    "法术护甲穿透": "0",
    "攻速加成": "0",
    "暴击几率": "0",
    "暴击效果": "200%",
    "物理吸血": "0",
    "法术吸血": "0",
    "冷却缩减": "0%",
    "攻击范围": "近程",
    "韧性": "0",
    "生命回复": "51",
    "法力回复": "15"
}
{
    "id": "9526",
    "name": "廉颇",
    "生存能力": "9",
    "攻击伤害": "4",
    "技能效果": "5",
    "上手难度": "4",
    "最大生命": "3558",
    "最大法力": "420",
    "物理攻击": "163",
    "法术攻击": "0",
    "物理防御": "132",
    "物理减伤率": "18%",
    "法术防御": "50",
    "法术减伤率": "7.6%",
    "移速": "370",
    "物理护甲穿透": "0",
    "法术护甲穿透": "0",
    "攻速加成": "0",
    "暴击几率": "0",
    "暴击效果": "200%",
    "物理吸血": "0",
    "法术吸血": "0",
    "冷却缩减": "0%",
    "攻击范围": "近程",
    "韧性": "0",
    "生命回复": "59",
    "法力回复": "15"
}
{
    "id": "9525",
    "name": "赵云",
    "生存能力": "7",
    "攻击伤害": "6",
    "技能效果": "6",
    "上手难度": "5",
    "最大生命": "3267",
    "最大法力": "430",
    "物理攻击": "173",
    "法术攻击": "0",
    "物理防御": "84",
    "物理减伤率": "12.2%",
    "法术防御": "50",
    "法术减伤率": "7.6%",
    "移速": "380",
    "物理护甲穿透": "0",
    "法术护甲穿透": "0",
    "攻速加成": "0",
    "暴击几率": "0",
    "暴击效果": "200%",
    "物理吸血": "0",
    "法术吸血": "0",
    "冷却缩减": "0%",
    "攻击范围": "近程",
    "韧性": "0",
    "生命回复": "50",
    "法力回复": "15"
}
{
    "id": "9524",
    "name": "孙尚香",
    "生存能力": "5",
    "攻击伤害": "7",
    "技能效果": "6",
    "上手难度": "7",
    "最大生命": "3235",
    "最大法力": "440",
    "物理攻击": "172",
    "法术攻击": "0",
    "物理防御": "89",
    "物理减伤率": "12.9%",
    "法术防御": "50",
    "法术减伤率": "7.6%",
    "移速": "350",
    "物理护甲穿透": "0",
    "法术护甲穿透": "0",
    "攻速加成": "0",
    "暴击几率": "0",
    "暴击效果": "200%",
    "物理吸血": "0",
    "法术吸血": "0",
    "冷却缩减": "0%",
    "攻击范围": "远程",
    "韧性": "0",
    "生命回复": "40",
    "法力回复": "15"
}
{
    "id": "9523",
    "name": "王昭君",
    "生存能力": "4",
    "攻击伤害": "8",
    "技能效果": "7",
    "上手难度": "8",
    "最大生命": "3083",
    "最大法力": "490",
    "物理攻击": "165",
    "法术攻击": "0",
    "物理防御": "91",
    "物理减伤率": "13.1%",
    "法术防御": "50",
    "法术减伤率": "7.6%",
    "移速": "350",
    "物理护甲穿透": "0",
    "法术护甲穿透": "0",
    "攻速加成": "0",
    "暴击几率": "0",
    "暴击效果": "200%",
    "物理吸血": "0",
    "法术吸血": "0",
    "冷却缩减": "0%",
    "攻击范围": "远程",
    "韧性": "0",
    "生命回复": "44",
    "法力回复": "17"
}
{
    "id": "9522",
    "name": "达摩",
    "生存能力": "9",
    "攻击伤害": "6",
    "技能效果": "2",
    "上手难度": "4",
    "最大生命": "3213",
    "最大法力": "420",
    "物理攻击": "171",
    "法术攻击": "0",
    "物理防御": "95",
    "物理减伤率": "13.6%",
    "法术防御": "50",
    "法术减伤率": "7.6%",
    "移速": "380",
    "物理护甲穿透": "0",
    "法术护甲穿透": "0",
    "攻速加成": "0",
    "暴击几率": "0",
    "暴击效果": "200%",
    "物理吸血": "0",
    "法术吸血": "0",
    "冷却缩减": "0%",
    "攻击范围": "近程",
    "韧性": "0",
    "生命回复": "51",
    "法力回复": "15"
}
{
    "id": "9521",
    "name": "庄周",
    "生存能力": "9",
    "攻击伤害": "2",
    "技能效果": "4",
    "上手难度": "4",
    "最大生命": "3311",
    "最大法力": "420",
    "物理攻击": "170",
    "法术攻击": "0",
    "物理防御": "150",
    "物理减伤率": "20%",
    "法术防御": "50",
    "法术减伤率": "7.6%",
    "移速": "390",
    "物理护甲穿透": "0",
    "法术护甲穿透": "0",
    "攻速加成": "0",
    "暴击几率": "0",
    "暴击效果": "200%",
    "物理吸血": "0",
    "法术吸血": "0",
    "冷却缩减": "0%",
    "攻击范围": "近程",
    "韧性": "0",
    "生命回复": "55",
    "法力回复": "15"
}
{
    "id": "9520",
    "name": "武则天",
    "生存能力": "4",
    "攻击伤害": "9",
    "技能效果": "6",
    "上手难度": "6",
    "最大生命": "2860",
    "最大法力": "490",
    "物理攻击": "173",
    "法术攻击": "0",
    "物理防御": "95",
    "物理减伤率": "13.6%",
    "法术防御": "50",
    "法术减伤率": "7.6%",
    "移速": "350",
    "物理护甲穿透": "0",
    "法术护甲穿透": "0",
    "攻速加成": "0",
    "暴击几率": "0",
    "暴击效果": "200%",
    "物理吸血": "0",
    "法术吸血": "0",
    "冷却缩减": "0%",
    "攻击范围": "远程",
    "韧性": "0",
    "生命回复": "40",
    "法力回复": "18"
}
{
    "id": "9519",
    "name": "嬴政",
    "生存能力": "6",
    "攻击伤害": "6",
    "技能效果": "7",
    "上手难度": "6",
    "最大生命": "3125",
    "最大法力": "490",
    "物理攻击": "157",
    "法术攻击": "0",
    "物理防御": "91",
    "物理减伤率": "13.1%",
    "法术防御": "50",
    "法术减伤率": "7.6%",
    "移速": "350",
    "物理护甲穿透": "0",
    "法术护甲穿透": "0",
    "攻速加成": "0",
    "暴击几率": "0",
    "暴击效果": "200%",
    "物理吸血": "0",
    "法术吸血": "0",
    "冷却缩减": "0%",
    "攻击范围": "远程",
    "韧性": "0",
    "生命回复": "44",
    "法力回复": "17"
}
{
    "id": "9518",
    "name": "钟无艳",
    "生存能力": "8",
    "攻击伤害": "7",
    "技能效果": "7",
    "上手难度": "6",
    "最大生命": "3150",
    "最大法力": "430",
    "物理攻击": "164",
    "法术攻击": "0",
    "物理防御": "100",
    "物理减伤率": "14.2%",
    "法术防御": "50",
    "法术减伤率": "7.6%",
    "移速": "380",
    "物理护甲穿透": "0",
    "法术护甲穿透": "0",
    "攻速加成": "0",
    "暴击几率": "0",
    "暴击效果": "200%",
    "物理吸血": "0",
    "法术吸血": "0",
    "冷却缩减": "0%",
    "攻击范围": "近程",
    "韧性": "0",
    "生命回复": "48",
    "法力回复": "15"
}
{
    "id": "9517",
    "name": "孙膑",
    "生存能力": "7",
    "攻击伤害": "4",
    "技能效果": "6",
    "上手难度": "7",
    "最大生命": "3208",
    "最大法力": "470",
    "物理攻击": "176",
    "法术攻击": "0",
    "物理防御": "98",
    "物理减伤率": "14.1%",
    "法术防御": "50",
    "法术减伤率": "7.6%",
    "移速": "350",
    "物理护甲穿透": "0",
    "法术护甲穿透": "0",
    "攻速加成": "0",
    "暴击几率": "0",
    "暴击效果": "200%",
    "物理吸血": "0",
    "法术吸血": "0",
    "冷却缩减": "0%",
    "攻击范围": "远程",
    "韧性": "0",
    "生命回复": "45",
    "法力回复": "17"
}
{
    "id": "9516",
    "name": "项羽",
    "生存能力": "8",
    "攻击伤害": "5",
    "技能效果": "7",
    "上手难度": "4",
    "最大生命": "3535",
    "最大法力": "420",
    "物理攻击": "157",
    "法术攻击": "0",
    "物理防御": "123",
    "物理减伤率": "17%",
    "法术防御": "50",
    "法术减伤率": "7.6%",
    "移速": "370",
    "物理护甲穿透": "0",
    "法术护甲穿透": "0",
    "攻速加成": "0",
    "暴击几率": "0",
    "暴击效果": "200%",
    "物理吸血": "0",
    "法术吸血": "0",
    "冷却缩减": "0%",
    "攻击范围": "近程",
    "韧性": "0",
    "生命回复": "55",
    "法力回复": "20"
}
{
    "id": "9515",
    "name": "程咬金",
    "生存能力": "8",
    "攻击伤害": "6",
    "技能效果": "5",
    "上手难度": "3",
    "最大生命": "3437",
    "最大法力": "0",
    "物理攻击": "161",
    "法术攻击": "0",
    "物理防御": "125",
    "物理减伤率": "17.2%",
    "法术防御": "50",
    "法术减伤率": "7.6%",
    "移速": "380",
    "物理护甲穿透": "0",
    "法术护甲穿透": "0",
    "攻速加成": "0",
    "暴击几率": "0",
    "暴击效果": "200%",
    "物理吸血": "0",
    "法术吸血": "0",
    "冷却缩减": "0%",
    "攻击范围": "远程",
    "韧性": "0",
    "生命回复": "57",
    "法力回复": "0"
}
{
    "id": "9514",
    "name": "韩信",
    "生存能力": "3",
    "攻击伤害": "6",
    "技能效果": "8",
    "上手难度": "8",
    "最大生命": "2988",
    "最大法力": "430",
    "物理攻击": "172",
    "法术攻击": "0",
    "物理防御": "92",
    "物理减伤率": "13.2%",
    "法术防御": "50",
    "法术减伤率": "7.6%",
    "移速": "380",
    "物理护甲穿透": "0",
    "法术护甲穿透": "0",
    "攻速加成": "0",
    "暴击几率": "0",
    "暴击效果": "200%",
    "物理吸血": "0",
    "法术吸血": "0",
    "冷却缩减": "0%",
    "攻击范围": "近程",
    "韧性": "0",
    "生命回复": "45",
    "法力回复": "15"
}
{
    "id": "9513",
    "name": "狄仁杰",
    "生存能力": "5",
    "攻击伤害": "7",
    "技能效果": "8",
    "上手难度": "6",
    "最大生命": "3242",
    "最大法力": "440",
    "物理攻击": "169",
    "法术攻击": "0",
    "物理防御": "95",
    "物理减伤率": "13.6%",
    "法术防御": "50",
    "法术减伤率": "7.6%",
    "移速": "360",
    "物理护甲穿透": "0",
    "法术护甲穿透": "0",
    "攻速加成": "0",
    "暴击几率": "0",
    "暴击效果": "200%",
    "物理吸血": "0",
    "法术吸血": "0",
    "冷却缩减": "0%",
    "攻击范围": "远程",
    "韧性": "0",
    "生命回复": "40",
    "法力回复": "15"
}
{
    "id": "9512",
    "name": "扁鹊",
    "生存能力": "4",
    "攻击伤害": "7",
    "技能效果": "3",
    "上手难度": "4",
    "最大生命": "3205",
    "最大法力": "490",
    "物理攻击": "168",
    "法术攻击": "0",
    "物理防御": "87",
    "物理减伤率": "12.6%",
    "法术防御": "50",
    "法术减伤率": "7.6%",
    "移速": "350",
    "物理护甲穿透": "0",
    "法术护甲穿透": "0",
    "攻速加成": "0",
    "暴击几率": "0",
    "暴击效果": "200%",
    "物理吸血": "0",
    "法术吸血": "0",
    "冷却缩减": "0%",
    "攻击范围": "远程",
    "韧性": "0",
    "生命回复": "45",
    "法力回复": "18"
}
{
    "id": "9511",
    "name": "安琪拉",
    "生存能力": "5",
    "攻击伤害": "9",
    "技能效果": "8",
    "上手难度": "6",
    "最大生命": "3323",
    "最大法力": "490",
    "物理攻击": "170",
    "法术攻击": "0",
    "物理防御": "83",
    "物理减伤率": "12.1%",
    "法术防御": "50",
    "法术减伤率": "7.6%",
    "移速": "360",
    "物理护甲穿透": "0",
    "法术护甲穿透": "0",
    "攻速加成": "0",
    "暴击几率": "0",
    "暴击效果": "200%",
    "物理吸血": "0",
    "法术吸血": "0",
    "冷却缩减": "0%",
    "攻击范围": "远程",
    "韧性": "0",
    "生命回复": "47",
    "法力回复": "17"
}
{
    "id": "9510",
    "name": "小乔",
    "生存能力": "1",
    "攻击伤害": "5",
    "技能效果": "8",
    "上手难度": "4",
    "最大生命": "3088",
    "最大法力": "490",
    "物理攻击": "153",
    "法术攻击": "0",
    "物理防御": "95",
    "物理减伤率": "13.6%",
    "法术防御": "50",
    "法术减伤率": "7.6%",
    "移速": "350",
    "物理护甲穿透": "0",
    "法术护甲穿透": "0",
    "攻速加成": "0",
    "暴击几率": "0",
    "暴击效果": "200%",
    "物理吸血": "0",
    "法术吸血": "0",
    "冷却缩减": "0%",
    "攻击范围": "远程",
    "韧性": "0",
    "生命回复": "44",
    "法力回复": "18"
}
{
    "id": "9509",
    "name": "妲己",
    "生存能力": "1",
    "攻击伤害": "4",
    "技能效果": "9",
    "上手难度": "3",
    "最大生命": "3229",
    "最大法力": "490",
    "物理攻击": "170",
    "法术攻击": "0",
    "物理防御": "86",
    "物理减伤率": "12.5%",
    "法术防御": "50",
    "法术减伤率": "7.6%",
    "移速": "350",
    "物理护甲穿透": "0",
    "法术护甲穿透": "0",
    "攻速加成": "0",
    "暴击几率": "0",
    "暴击效果": "200%",
    "物理吸血": "0",
    "法术吸血": "0",
    "冷却缩减": "0%",
    "攻击范围": "远程",
    "韧性": "0",
    "生命回复": "46",
    "法力回复": "18"
}
{
    "id": "9508",
    "name": "老夫子",
    "生存能力": "6",
    "攻击伤害": "7",
    "技能效果": "3",
    "上手难度": "6",
    "最大生命": "3370",
    "最大法力": "430",
    "物理攻击": "168",
    "法术攻击": "0",
    "物理防御": "100",
    "物理减伤率": "14.2%",
    "法术防御": "50",
    "法术减伤率": "7.6%",
    "移速": "390",
    "物理护甲穿透": "0",
    "法术护甲穿透": "0",
    "攻速加成": "0",
    "暴击几率": "0",
    "暴击效果": "200%",
    "物理吸血": "0",
    "法术吸血": "0",
    "冷却缩减": "0%",
    "攻击范围": "近程",
    "韧性": "0",
    "生命回复": "51",
    "法力回复": "16"
}
{
    "id": "9507",
    "name": "亚瑟",
    "生存能力": "7",
    "攻击伤害": "6",
    "技能效果": "5",
    "上手难度": "3",
    "最大生命": "3622",
    "最大法力": "0",
    "物理攻击": "164",
    "法术攻击": "0",
    "物理防御": "98",
    "物理减伤率": "14.1%",
    "法术防御": "50",
    "法术减伤率": "7.6%",
    "移速": "390",
    "物理护甲穿透": "0",
    "法术护甲穿透": "0",
    "攻速加成": "0",
    "暴击几率": "0",
    "暴击效果": "200%",
    "物理吸血": "0",
    "法术吸血": "0",
    "冷却缩减": "0%",
    "攻击范围": "近程",
    "韧性": "0",
    "生命回复": "55",
    "法力回复": "0"
}
{
    "id": "9506",
    "name": "刘禅",
    "生存能力": "8",
    "攻击伤害": "3",
    "技能效果": "5",
    "上手难度": "3",
    "最大生命": "3364",
    "最大法力": "420",
    "物理攻击": "178",
    "法术攻击": "0",
    "物理防御": "139",
    "物理减伤率": "20%",
    "法术防御": "50",
    "法术减伤率": "7.6%",
    "移速": "380",
    "物理护甲穿透": "0",
    "法术护甲穿透": "0",
    "攻速加成": "0",
    "暴击几率": "0",
    "暴击效果": "200%",
    "物理吸血": "0",
    "法术吸血": "0",
    "冷却缩减": "0%",
    "攻击范围": "近程",
    "韧性": "0",
    "生命回复": "56",
    "法力回复": "15"
}
{
    "id": "9505",
    "name": "鲁班七号",
    "生存能力": "4",
    "攻击伤害": "7",
    "技能效果": "6",
    "上手难度": "6",
    "最大生命": "3401",
    "最大法力": "440",
    "物理攻击": "174",
    "法术攻击": "0",
    "物理防御": "88",
    "物理减伤率": "12.7%",
    "法术防御": "50",
    "法术减伤率": "7.6%",
    "移速": "360",
    "物理护甲穿透": "0",
    "法术护甲穿透": "0",
    "攻速加成": "0",
    "暴击几率": "0",
    "暴击效果": "200%",
    "物理吸血": "0",
    "法术吸血": "0",
    "冷却缩减": "0%",
    "攻击范围": "远程",
    "韧性": "0",
    "生命回复": "42",
    "法力回复": "15"
}
{
    "id": "9504",
    "name": "甄姬",
    "生存能力": "2",
    "攻击伤害": "5",
    "技能效果": "7",
    "上手难度": "3",
    "最大生命": "3041",
    "最大法力": "490",
    "物理攻击": "165",
    "法术攻击": "0",
    "物理防御": "87",
    "物理减伤率": "12.6%",
    "法术防御": "50",
    "法术减伤率": "7.6%",
    "移速": "360",
    "物理护甲穿透": "0",
    "法术护甲穿透": "0",
    "攻速加成": "0",
    "暴击几率": "0",
    "暴击效果": "200%",
    "物理吸血": "0",
    "法术吸血": "0",
    "冷却缩减": "0%",
    "攻击范围": "远程",
    "韧性": "0",
    "生命回复": "43",
    "法力回复": "18"
}
{
    "id": "9503",
    "name": "典韦",
    "生存能力": "6",
    "攻击伤害": "6",
    "技能效果": "3",
    "上手难度": "2",
    "最大生命": "3434",
    "最大法力": "430",
    "物理攻击": "168",
    "法术攻击": "0",
    "物理防御": "89",
    "物理减伤率": "12.9%",
    "法术防御": "50",
    "法术减伤率": "7.6%",
    "移速": "370",
    "物理护甲穿透": "0",
    "法术护甲穿透": "0",
    "攻速加成": "0",
    "暴击几率": "0",
    "暴击效果": "200%",
    "物理吸血": "0",
    "法术吸血": "0",
    "冷却缩减": "0%",
    "攻击范围": "近程",
    "韧性": "0",
    "生命回复": "52",
    "法力回复": "16"
}
{
    "id": "9502",
    "name": "姜子牙",
    "生存能力": "1",
    "攻击伤害": "3",
    "技能效果": "8",
    "上手难度": "3",
    "最大生命": "2958",
    "最大法力": "490",
    "物理攻击": "168",
    "法术攻击": "0",
    "物理防御": "106",
    "物理减伤率": "15%",
    "法术防御": "50",
    "法术减伤率": "7.6%",
    "移速": "350",
    "物理护甲穿透": "0",
    "法术护甲穿透": "0",
    "攻速加成": "0",
    "暴击几率": "0",
    "暴击效果": "200%",
    "物理吸血": "0",
    "法术吸血": "0",
    "冷却缩减": "0%",
    "攻击范围": "远程",
    "韧性": "0",
    "生命回复": "42",
    "法力回复": "18"
}
{
    "id": "9501",
    "name": "高渐离",
    "生存能力": "5",
    "攻击伤害": "8",
    "技能效果": "7",
    "上手难度": "3",
    "最大生命": "3122",
    "最大法力": "490",
    "物理攻击": "163",
    "法术攻击": "0",
    "物理防御": "98",
    "物理减伤率": "14%",
    "法术防御": "50",
    "法术减伤率": "7.6%",
    "移速": "370",
    "物理护甲穿透": "0",
    "法术护甲穿透": "0",
    "攻速加成": "0",
    "暴击几率": "0",
    "暴击效果": "200%",
    "物理吸血": "0",
    "法术吸血": "0",
    "冷却缩减": "0%",
    "攻击范围": "远程",
    "韧性": "0",
    "生命回复": "44",
    "法力回复": "17"
}
{
    "id": "16364",
    "name": "云缨",
    "生存能力": "10",
    "攻击伤害": "7",
    "技能效果": "8",
    "上手难度": "8",
    "最大生命": "3237",
    "最大法力": "430",
    "物理攻击": "175",
    "法术攻击": "0",
    "物理防御": "101",
    "物理减伤率": "14.4%",
    "法术防御": "50",
    "法术减伤率": "7.6%",
    "移速": "380",
    "物理护甲穿透": "0",
    "法术护甲穿透": "0",
    "攻速加成": "0",
    "暴击几率": "0",
    "暴击效果": "200%",
    "物理吸血": "0",
    "法术吸血": "0",
    "冷却缩减": "0%",
    "攻击范围": "近程",
    "韧性": "0",
    "生命回复": "49",
    "法力回复": "15"
}
{
    "id": "16354",
    "name": "司空震",
    "生存能力": "6",
    "攻击伤害": "7",
    "技能效果": "4",
    "上手难度": "5",
    "最大生命": "3300",
    "最大法力": "100",
    "物理攻击": "171",
    "法术攻击": "0",
    "物理防御": "85",
    "物理减伤率": "12.4%",
    "法术防御": "50",
    "法术减伤率": "7.6%",
    "移速": "380",
    "物理护甲穿透": "0",
    "法术护甲穿透": "0",
    "攻速加成": "0",
    "暴击几率": "0",
    "暴击效果": "200%",
    "物理吸血": "0",
    "法术吸血": "0",
    "冷却缩减": "0%",
    "攻击范围": "近程",
    "韧性": "0",
    "生命回复": "50",
    "法力回复": "0"
}
{
    "id": "16344",
    "name": "澜",
    "生存能力": "2",
    "攻击伤害": "7",
    "技能效果": "4",
    "上手难度": "7",
    "最大生命": "3300",
    "最大法力": "440",
    "物理攻击": "167",
    "法术攻击": "0",
    "物理防御": "90",
    "物理减伤率": "13%",
    "法术防御": "50",
    "法术减伤率": "7.6%",
    "移速": "380",
    "物理护甲穿透": "0",
    "法术护甲穿透": "0",
    "攻速加成": "0",
    "暴击几率": "0",
    "暴击效果": "200%",
    "物理吸血": "0",
    "法术吸血": "0",
    "冷却缩减": "0%",
    "攻击范围": "近程",
    "韧性": "0",
    "生命回复": "51",
    "法力回复": "16"
}
{
    "id": "15450",
    "name": "女娲",
    "生存能力": "3",
    "攻击伤害": "7",
    "技能效果": "3",
    "上手难度": "6",
    "最大生命": "2958",
    "最大法力": "470",
    "物理攻击": "159",
    "法术攻击": "0",
    "物理防御": "93",
    "物理减伤率": "13.4%",
    "法术防御": "50",
    "法术减伤率": "7.6%",
    "移速": "360",
    "物理护甲穿透": "0",
    "法术护甲穿透": "0",
    "攻速加成": "0",
    "暴击几率": "0",
    "暴击效果": "200%",
    "物理吸血": "0",
    "法术吸血": "0",
    "冷却缩减": "0%",
    "攻击范围": "远程",
    "韧性": "0",
    "生命回复": "42",
    "法力回复": "17"
}
{
    "id": "9512",
    "name": "扁鹊",
    "生存能力": "4",
    "攻击伤害": "7",
    "技能效果": "3",
    "上手难度": "4",
    "最大生命": "3205",
    "最大法力": "490",
    "物理攻击": "168",
    "法术攻击": "0",
    "物理防御": "87",
    "物理减伤率": "12.6%",
    "法术防御": "50",
    "法术减伤率": "7.6%",
    "移速": "350",
    "物理护甲穿透": "0",
    "法术护甲穿透": "0",
    "攻速加成": "0",
    "暴击几率": "0",
    "暴击效果": "200%",
    "物理吸血": "0",
    "法术吸血": "0",
    "冷却缩减": "0%",
    "攻击范围": "远程",
    "韧性": "0",
    "生命回复": "45",
    "法力回复": "18"
}
{
    "id": "9508",
    "name": "老夫子",
    "生存能力": "6",
    "攻击伤害": "7",
    "技能效果": "3",
    "上手难度": "6",
    "最大生命": "3370",
    "最大法力": "430",
    "物理攻击": "168",
    "法术攻击": "0",
    "物理防御": "100",
    "物理减伤率": "14.2%",
    "法术防御": "50",
    "法术减伤率": "7.6%",
    "移速": "390",
    "物理护甲穿透": "0",
    "法术护甲穿透": "0",
    "攻速加成": "0",
    "暴击几率": "0",
    "暴击效果": "200%",
    "物理吸血": "0",
    "法术吸血": "0",
    "冷却缩减": "0%",
    "攻击范围": "近程",
    "韧性": "0",
    "生命回复": "51",
    "法力回复": "16"
}
{
    "id": "13073",
    "name": "黄忠",
    "生存能力": "2",
    "攻击伤害": "8",
    "技能效果": "4",
    "上手难度": "3",
    "最大生命": "3173",
    "最大法力": "440",
    "物理攻击": "172",
    "法术攻击": "0",
    "物理防御": "91",
    "物理减伤率": "13.1%",
    "法术防御": "50",
    "法术减伤率": "7.6%",
    "移速": "350",
    "物理护甲穿透": "0",
    "法术护甲穿透": "0",
    "攻速加成": "0",
    "暴击几率": "0",
    "暴击效果": "200%",
    "物理吸血": "0",
    "法术吸血": "0",
    "冷却缩减": "0%",
    "攻击范围": "远程",
    "韧性": "0",
    "生命回复": "39",
    "法力回复": "16"
}
{
    "id": "9521",
    "name": "庄周",
    "生存能力": "9",
    "攻击伤害": "2",
    "技能效果": "4",
    "上手难度": "4",
    "最大生命": "3311",
    "最大法力": "420",
    "物理攻击": "170",
    "法术攻击": "0",
    "物理防御": "150",
    "物理减伤率": "20%",
    "法术防御": "50",
    "法术减伤率": "7.6%",
    "移速": "390",
    "物理护甲穿透": "0",
    "法术护甲穿透": "0",
    "攻速加成": "0",
    "暴击几率": "0",
    "暴击效果": "200%",
    "物理吸血": "0",
    "法术吸血": "0",
    "冷却缩减": "0%",
    "攻击范围": "近程",
    "韧性": "0",
    "生命回复": "55",
    "法力回复": "15"
}
{
    "id": "9529",
    "name": "白起",
    "生存能力": "9",
    "攻击伤害": "4",
    "技能效果": "4",
    "上手难度": "3",
    "最大生命": "3510",
    "最大法力": "420",
    "物理攻击": "158",
    "法术攻击": "0",
    "物理防御": "120",
    "物理减伤率": "16.6%",
    "法术防御": "50",
    "法术减伤率": "7.6%",
    "移速": "390",
    "物理护甲穿透": "0",
    "法术护甲穿透": "0",
    "攻速加成": "0",
    "暴击几率": "0",
    "暴击效果": "200%",
    "物理吸血": "0",
    "法术吸血": "0",
    "冷却缩减": "0%",
    "攻击范围": "近程",
    "韧性": "0",
    "生命回复": "58",
    "法力回复": "14"
}
{
    "id": "9555",
    "name": "雅典娜",
    "生存能力": "3",
    "攻击伤害": "6",
    "技能效果": "8",
    "上手难度": "6",
    "最大生命": "2862",
    "最大法力": "430",
    "物理攻击": "162",
    "法术攻击": "0",
    "物理防御": "106",
    "物理减伤率": "15%",
    "法术防御": "50",
    "法术减伤率": "7.6%",
    "移速": "410",
    "物理护甲穿透": "0",
    "法术护甲穿透": "0",
    "攻速加成": "0",
    "暴击几率": "0",
    "暴击效果": "200%",
    "物理吸血": "0",
    "法术吸血": "0",
    "冷却缩减": "0%",
    "攻击范围": "近程",
    "韧性": "0",
    "生命回复": "44",
    "法力回复": "15"
}